"sse","a","coeficiente_B","volatilidade","grupo_do_janelamento","setor","b_volatilidade"
0.0315255998199759,1.04126481922049,0.549683860702388,1.82927399806033,1,"ICON",1.00552239353629
0.0346922228232967,1.08163146356459,0.62833033868888,1.69011291029803,1,"IEE",1.06194921735001
0.0163620726185119,1.05706828647262,0.586164763208158,1.83698068666851,1,"IFNC",1.076773349219
0.0130317694156396,1.03949589392459,0.599852442538352,1.74703883474776,1,"IMAT",1.0479655122328
0.0147297079244775,1.01504173772065,0.613187709763802,1.70251450026394,1,"IMOB",1.04396096725651
0.0233900124281504,1.03728403360246,0.55697660599554,1.83854779897593,1,"INDX",1.02402811303418
0.0231353081520036,1.04852964592891,0.586656807949625,1.69771686037013,1,"UTIL",0.995977154107
0.0352632249842631,1.04491698333052,0.551920135381629,1.80388994660511,2,"ICON",0.995603183543852
0.0487831664801955,1.08707807390749,0.645806869515806,1.65898169371109,2,"IEE",1.07138177419959
0.0147898014488096,1.05682941047499,0.566576572200978,1.88120079495878,2,"IFNC",1.0658442980295
0.0046803162815262,1.02422782336945,0.575411024925886,1.77782262422968,2,"IMAT",1.02297873834443
0.0175989128909756,1.01779893679618,0.589608678550035,1.75647955706705,2,"IMOB",1.03563559054245
0.0271935331827116,1.02742337749849,0.539647158206293,1.84986930130596,2,"INDX",0.998276711502824
0.038320295127129,1.06040117399941,0.598215875344608,1.68328279569703,2,"UTIL",1.00696649108042
0.0395514722782956,1.04755204755466,0.573499253595394,1.77698081352548,3,"ICON",1.0190971702102
0.0431963055790908,1.08719555295102,0.671236584960191,1.626873494252,3,"IEE",1.09201700844397
0.0122886348348403,1.04782221595717,0.551509718898625,1.90310558783735,3,"IFNC",1.04958122778258
0.0111642764698221,1.04507280979726,0.559041474734691,1.83029766814641,3,"IMAT",1.02321230760404
0.0182425803153378,1.02201713914181,0.587010090592531,1.76892613371679,3,"IMOB",1.03837749000459
0.0393878551365313,1.04550950492915,0.545831340010722,1.86616138710918,3,"INDX",1.01860937060207
0.0344782495706959,1.05173006647041,0.606829625220167,1.65967158132848,3,"UTIL",1.00713788368613
0.0439616161550926,1.03763239546952,0.590576806029687,1.74005021453126,4,"ICON",1.02763329802914
0.0396923092179564,1.08461816347388,0.685915280509424,1.60787261632074,4,"IEE",1.10286439664706
0.00712221696831405,1.02939455144213,0.5664024645396,1.86777177250313,4,"IFNC",1.05791053514327
0.00791542122828192,1.0320365754687,0.541114445305522,1.85563269187114,4,"IMAT",1.00410965475264
0.0192209580742288,1.02007089323732,0.578557602825447,1.78137266197819,4,"IMOB",1.03062669705289
0.0382421839960138,1.04758187693166,0.549094073465026,1.87758283228768,4,"INDX",1.03096960564885
0.0212125766882143,1.04426260645973,0.606360276275571,1.65654639289172,4,"UTIL",1.00446392845712
0.044239664736386,1.04666072916774,0.583289949515429,1.75516859426566,5,"ICON",1.02377220074028
0.0445720453108553,1.08961915869159,0.686591636404178,1.60490715416673,5,"IEE",1.10191582925611
0.0112329947616567,1.00555020342993,0.541104523252347,1.86174340566379,5,"IFNC",1.00739777793991
0.00978866883966764,1.03458094704369,0.523635033358153,1.89012230656511,5,"IMAT",0.989734257049213
0.0212573538866335,1.03331886007885,0.560969738329544,1.8227197915731,5,"IMOB",1.02249064452685
0.0401076605087918,1.04282183573045,0.529028072667289,1.90369019103349,5,"INDX",1.00710555271807
0.0266727992676979,1.05607827911384,0.602679418242119,1.67528279250459,5,"UTIL",1.0096584587777
0.0544507734016445,1.0593314685164,0.563776190574753,1.8050421780804,6,"ICON",1.01763980298492
0.06835021241771,1.09542554888631,0.691886571621551,1.59691525542636,6,"IEE",1.1048842212471
0.0195739986173223,1.00121631490846,0.509375832932133,1.90864649654404,6,"IFNC",0.972218398950119
0.0119069555826211,1.03637910860068,0.493019215881636,1.95723396196335,6,"IMAT",0.964953953224081
0.031495631501944,1.0449346713109,0.517353279077891,1.93449029253006,6,"IMOB",1.00081489618477
0.0427141767263985,1.04540872279507,0.496653000314819,1.97300670215926,6,"INDX",0.979899698268644
0.0405362509764314,1.05866200073424,0.609782552794466,1.65991771098708,6,"UTIL",1.01218885923445
0.044267798778461,1.06339766685236,0.578105780734291,1.78440234575694,7,"ICON",1.03157331123791
0.0553436554936403,1.09235997091102,0.727456573042626,1.55277301494661,7,"IEE",1.12957493616612
0.0128438129083066,0.98743984433013,0.521249706527964,1.87237205461523,7,"IFNC",0.975973383979352
0.00922587467246092,1.02461850672052,0.480690322194576,1.95648073208942,7,"IMAT",0.940461353475545
0.0209263373410898,1.04156359661352,0.507064976822312,1.9462841324041,7,"IMOB",0.986892518487117
0.0242444244387648,1.02277434943556,0.489832036536773,1.95066481685909,7,"INDX",0.955498119842719
0.0346628928972926,1.06279425233358,0.630411659365113,1.6396884039433,7,"UTIL",1.03367868757163
0.0209338699485092,1.05197873045565,0.589422887959219,1.75553395578977,8,"ICON",1.03475189413208
0.0351861548699351,1.08154860014677,0.75369962146384,1.51322530182766,8,"IEE",1.14051733717701
0.0069341139494369,0.981532920458122,0.519635159308967,1.86148020478153,8,"IFNC",0.96729056276214
0.0104936517109501,1.01048820796048,0.483702689930538,1.92822710922723,8,"IMAT",0.932688639530199
0.0139325209664592,1.03578150342009,0.513160285511206,1.92666280328719,8,"IMOB",0.988686834218673
0.00662167810034361,1.01437590963218,0.510083953328441,1.90539661741632,8,"INDX",0.971912239270358
0.0273202377207429,1.05770686165707,0.663163987018294,1.59267053900274,8,"UTIL",1.05620174465163
0.010867217363734,1.03983595032657,0.588621662559733,1.7414608268573,9,"ICON",1.02506156718739
0.0236844125974831,1.06986947593921,0.766471498849638,1.47655039375126,9,"IEE",1.13173379342555
0.00455550563375113,0.970927156763463,0.555265017852113,1.78238606609344,9,"IFNC",0.989696630808729
0.00740862176904401,0.999528596431729,0.505567331375395,1.86432663282853,9,"IMAT",0.942542640571195
0.0103769763482337,1.0268849374587,0.517330993396834,1.90623964673476,9,"IMOB",0.986156850097722
0.00573226416728017,1.00783122663508,0.540699398295201,1.84692736489158,9,"INDX",0.998632514891817
0.0230997274956033,1.05499751568508,0.677851635255817,1.56258292042474,9,"UTIL",1.05919938783272
0.00825374739526904,1.04639335686968,0.646883083176248,1.63000799511847,10,"ICON",1.05442459748417
0.0196843339261569,1.06808049057021,0.830268419833123,1.35986027050388,10,"IEE",1.1290490379851
0.00391720761611954,0.971900661132109,0.605075689273334,1.68272933009118,10,"IFNC",1.01817860926538
0.00430802085096601,1.00354259577179,0.563160709600431,1.73515098917422,10,"IMAT",0.97716886232724
0.00932857530140756,1.02594905299412,0.529343324903554,1.84840428630667,10,"IMOB",0.978440470679552
0.00457135927456262,1.01208201368359,0.594336361729009,1.71882764089273,10,"INDX",1.02156176652744
0.0158296203597558,1.05177459364512,0.736465261186637,1.43920687694875,10,"UTIL",1.05992586853367
0.0152418890478172,1.06260830831672,0.76323126048476,1.3434520357128,11,"ICON",1.0253645906179
0.023612095716169,1.06539185223507,0.965515023804822,1.07824246363977,11,"IEE",1.04105929794852
0.00339932679636494,0.986726312767658,0.712514741547666,1.44984896395362,11,"IFNC",1.03303875983456
0.00368076425059489,1.01960685013457,0.655303133132735,1.50991413616714,11,"IMAT",0.989451464191733
0.0112155440268956,1.03184429067087,0.613702538677562,1.60413439039482,11,"IMOB",0.984461347765285
0.00795890585527506,1.03271571387334,0.693261209153237,1.45014600680827,11,"INDX",1.00532997412864
0.0169662388586794,1.0459278344195,0.860183487859844,1.16573430622863,11,"UTIL",1.00274540144962
0.0121633470144858,1.05659537897868,0.823127133238531,1.19273160984684,12,"ICON",0.981769750736209
0.0222347973751036,1.06899754844726,1.03493576242145,0.945849347590527,12,"IEE",0.978893315684436
0.00754367539458221,0.995811270625522,0.778412515396848,1.24192329549226,12,"IFNC",0.966728636374071
0.00653899438227941,1.02902285132397,0.692439576398128,1.39170707679146,12,"IMAT",0.963673058723756
0.0132272505979393,1.02687112982536,0.665921497912594,1.40890338747598,12,"IMOB",0.938219054202131
0.0105757995434892,1.03695474414531,0.732064047285345,1.31002761421878,12,"INDX",0.959024117320562
0.0273278726184853,1.0463563146822,0.927452856671798,1.02093219145551,12,"UTIL",0.946866477433613
0.0123450544736601,1.05627428059577,0.88219367367021,1.11876723444324,13,"ICON",0.986969376535342
0.0308044548132124,1.07679018887732,1.08582356310094,0.90566788114856,13,"IEE",0.983395525694806
0.0104938118111578,1.01973275458142,0.891408969385262,1.09684829435857,13,"IFNC",0.977740407646155
0.00797592527097273,1.03764467546518,0.762256014086556,1.26345151400239,13,"IMAT",0.963073515055087
0.0164478844093612,1.02704929212694,0.729464161134339,1.29706174576475,13,"IMOB",0.946160058313726
0.0140670448159738,1.04906945747021,0.806169382626867,1.21442230628563,13,"INDX",0.97903008090658
0.0327236861885286,1.04966380088677,0.97660436286704,0.97707120044763,13,"UTIL",0.954211997188892
0.00974989160370921,1.06005276379029,0.963171320925464,1.04576079583693,14,"ICON",1.00724680709832
0.0218575866656992,1.06508108258836,1.15579589312373,0.847961712504657,14,"IEE",0.98007066483905
0.00653500881908652,1.00897728609102,0.962086961865645,1.00326126471813,14,"IFNC",0.965224582130147
0.00963814692659202,1.04304433912286,0.837217766964271,1.16248486187356,14,"IMAT",0.973252980187548
0.015249731385814,1.03742397492154,0.807805394929912,1.20321150357551,14,"IMOB",0.97196074383003
0.0117101162341367,1.0559003417977,0.893529761571947,1.12088329745183,14,"INDX",1.00154258552211
0.0233768211112149,1.04252944733617,1.0414056300932,0.909796811626694,14,"UTIL",0.947467521868883
0.00946220582124841,1.06296004439041,0.948567026109156,1.05777998617295,15,"ICON",1.00337521576186
0.0310364703145166,1.06961289345986,1.1750751612599,0.835177150621107,15,"IEE",0.981395924946679
0.00665024394425553,1.01058578225691,1.00330301032602,0.960008567179585,15,"IFNC",0.963179485390046
0.0102316738670181,1.04528956006309,0.894727810206576,1.11557000886137,15,"IMAT",0.998131511160664
0.0111086567170052,1.02171330693525,0.816645787953065,1.16774328192155,15,"IMOB",0.953632632591724
0.00848949360378432,1.0441180623594,0.907714688855563,1.10134328125632,15,"INDX",0.999705473868748
0.0226779578507978,1.05134266466262,1.05092637538088,0.911848014868501,15,"UTIL",0.958285129164001
0.0100563213833453,1.07019333545426,1.00507047852057,1.00232535878778,16,"ICON",1.00740762799014
0.0299438006716947,1.08088935693305,1.25081846408201,0.797083977845025,16,"IEE",0.99700735691249
0.00841104299445309,1.03181894346836,1.08585675119028,0.903685726710876,16,"IFNC",0.981273247303296
0.0116303720912584,1.05804621473576,0.971990465523462,1.03800686877218,16,"IMAT",1.00893277959443
0.00909554978360017,1.02221883156449,0.876374684669604,1.11064308125098,16,"IMOB",0.973339480111803
0.009273249923831,1.04323103747899,0.974900696554948,1.02059532353956,16,"INDX",0.99497909181944
0.0386257631130607,1.07984737809955,1.14813678921038,0.861832859364903,16,"UTIL",0.989502011987217
0.00744382322394064,1.05822705928965,1.08389416657397,0.923408012784656,17,"ICON",1.00087655842495
0.0175878554263366,1.06921147482792,1.34909587119917,0.738213923588537,17,"IEE",0.995921356375037
0.0135223041990063,1.05787462366891,1.19417793805558,0.848828291094925,17,"IFNC",1.01365201842298
0.00913788658050436,1.05452684235939,1.04320852862637,0.968953216560995,17,"IMAT",1.01082025935638
0.00809957588893837,1.02452529072852,0.936294068007431,1.04712574596695,17,"IMOB",0.980417624406711
0.0117695069276006,1.05114322908024,1.0691865209164,0.9462016430409,17,"INDX",1.01166604280828
0.035650400110633,1.07596757061964,1.25997504702466,0.792315923071103,17,"UTIL",0.998298292429896
0.009912787055968,1.05992709346885,1.15050629846329,0.86657549486858,18,"ICON",0.997000564940246
0.0158073567378141,1.07341945672413,1.43935270028037,0.701259459503225,18,"IEE",1.00935969663312
0.0151765474576154,1.0704927470323,1.3034782575746,0.782451494796534,18,"IFNC",1.01990851107403
0.0147008748835653,1.07075437538873,1.11171398163,0.918685340774188,18,"IMAT",1.02131533805718
0.0154905605237848,1.03914973455425,1.03445844325989,0.951321939689664,18,"IMOB",0.984103012770352
0.0122240098963259,1.06088292158708,1.15466488509102,0.883618275663284,18,"INDX",1.02028299473307
0.0425990929940024,1.08164794763528,1.32402350205329,0.765160550717,18,"UTIL",1.01309055199335
0.0102821314442859,1.06469795714731,1.1585800013787,0.875644220230176,19,"ICON",1.01450388188153
0.0125326909161392,1.06272958897296,1.36670048617796,0.727219874359961,19,"IEE",0.993891755846036
0.0190832989927585,1.0763468872254,1.25748245899482,0.810327195522891,19,"IFNC",1.0189722344165
0.0168918896637934,1.07198468805025,1.08287050081983,0.944779096169319,19,"IMAT",1.02307341303298
0.0230517269203578,1.04269855788358,1.01679726274828,0.968102396881962,19,"IMOB",0.984363867209627
0.0156479578396326,1.06981503919541,1.13996397969481,0.897814603405143,19,"INDX",1.02347630832585
0.0399601837039036,1.07768394755006,1.32972782067707,0.75941776183294,19,"UTIL",1.00981892542557
0.0159716368703119,1.0692863680777,1.15316884587029,0.877435003103552,20,"ICON",1.01183070985512
0.0177003425463034,1.07678870660638,1.40345331491243,0.715154703863602,20,"IEE",1.00368623981259
0.0219559606966255,1.07802755006646,1.23534389420589,0.820968478078693,20,"IFNC",1.01417839673002
0.0274486736746072,1.08203795107285,1.10355095012854,0.932835610654527,20,"IMAT",1.02943162445154
0.0356327738849436,1.05581667075281,1.03709739607274,0.962114924115258,20,"IMOB",0.997806882522655
0.0181015004574783,1.07342086353816,1.13532248960667,0.893140328598658,20,"INDX",1.01400230143275
0.0439741013432671,1.08186108918456,1.3847934510148,0.733024815957243,20,"UTIL",1.01508796456892
0.0228777380990225,1.07378191383716,1.17706549161924,0.861812975629931,21,"ICON",1.01441031384368
0.0172976356463819,1.07181533726016,1.38867733264696,0.721055415650274,21,"IEE",1.00131331129587
0.015853002972703,1.06950705971676,1.23651179865829,0.818552123689189,21,"IFNC",1.01214935875849
0.035040568226293,1.08024839528078,1.11326587366389,0.9224603073188,21,"IMAT",1.02694357994752
0.0322691187218384,1.04978920891862,1.03856647923992,0.956271385113748,21,"IMOB",0.993151405635469
0.0157610375523211,1.07423706207205,1.18181599967164,0.866460106775651,21,"INDX",1.02399641726466
0.0417368354182007,1.07878836429222,1.36317250162908,0.739781307168357,21,"UTIL",1.00844953515112
0.0153749150123804,1.065326127833,1.18198663190911,0.85330297249525,22,"ICON",1.00859270645769
0.0141077044416025,1.06418893006983,1.38377719184669,0.72102900450193,22,"IEE",0.997743491089694
0.0157702004767543,1.07217721105285,1.23477166365843,0.818165924917007,22,"IFNC",1.01024810025841
0.0239551157957348,1.07824652796542,1.11949721383201,0.918074675279104,22,"IMAT",1.02778204106469
0.0463402551766514,1.05036012632925,1.09483328406762,0.907259216471812,22,"IMOB",0.993297587470446
0.0177032828679875,1.07949378211368,1.19657662152881,0.862905186509844,22,"INDX",1.03253217277364
0.045742694033303,1.07503729199569,1.33470284629393,0.749360312816159,22,"UTIL",1.00017334241544
0.0123766641089032,1.06124209301812,1.20829475226652,0.835943249640553,23,"ICON",1.01006584173331
0.0212642190841507,1.08207647463086,1.38961412323959,0.729819702468316,23,"IEE",1.01416776596849
0.014171026463666,1.07502144880412,1.2641973448926,0.805419356273754,23,"IFNC",1.01820901172639
0.0171015043245711,1.06512943201329,1.14738398496958,0.888355221822629,23,"IMAT",1.01928455448338
0.0502335912785554,1.04836880940367,1.10439717406492,0.898900303716886,23,"IMOB",0.99274295519103
0.0172429442876836,1.07766147737814,1.22971817657526,0.846933769396511,23,"INDX",1.04148985058229
0.0530857141076829,1.08109137920869,1.31646674184255,0.762419234807915,23,"UTIL",1.00369956596567
0.0171374726302859,1.0731961284259,1.28393675689708,0.787045641169259,24,"ICON",1.01051682805284
0.0380521476701914,1.09990223462342,1.44894393645702,0.710476188838884,24,"IEE",1.02944016581519
0.0231742097180891,1.0913048053044,1.36042509774431,0.751579739939723,24,"IFNC",1.02246794117014
0.0133936028178307,1.05942547835507,1.28221597679,0.792027567725869,24,"IMAT",1.01555040139624
0.0725965952274296,1.06802779830616,1.18883456248849,0.836765119143368,24,"IMOB",0.994775294322438
0.014729140717715,1.07419858340157,1.357818587464,0.759748107210556,24,"INDX",1.03160010176108
0.0614451103759088,1.09408508386397,1.35085615513265,0.748942614210791,24,"UTIL",1.01171374024778
0.0190952553150793,1.06920145857773,1.28545653142415,0.781520100932304,25,"ICON",1.00461011818269
0.0502864906935269,1.10852850764966,1.51176927100035,0.684982678919575,25,"IEE",1.03553576515811
0.0216898838660893,1.08356309657815,1.36457661588662,0.740252746370802,25,"IFNC",1.01013158754345
0.0151219093043552,1.0656533447062,1.25749341496535,0.807845860882701,25,"IMAT",1.01586085036701
0.0814199853877568,1.07741958405731,1.16902814954558,0.857321148762438,25,"IMOB",1.00223255610405
0.0143209525661358,1.07253203887014,1.3227141049431,0.772306326312813,25,"INDX",1.02154047115075
0.0604666639042736,1.09580215570685,1.3890249878627,0.727869499283709,25,"UTIL",1.01102892240818
0.0251964309520554,1.07783568171641,1.30215808715899,0.779983848414309,26,"ICON",1.01566227606609
0.0676409014676279,1.12698268382203,1.54381750980309,0.680563057713352,26,"IEE",1.05066516502301
0.037978082636197,1.09862978328276,1.36340169546578,0.747239866612922,26,"IFNC",1.01878810105968
0.0220767286006836,1.07480165410523,1.2613407763995,0.80990753485127,26,"IMAT",1.02156939882111
0.084090688273562,1.07654917242208,1.1275012157788,0.886455649200733,26,"IMOB",0.99947982220781
0.0174179001227956,1.06953552181634,1.31742552848502,0.770789471960963,26,"INDX",1.01545772744886
0.0657088323047362,1.10489487475556,1.43376737820701,0.714737390423572,26,"UTIL",1.02476715437412
0.0277135917748658,1.09042005892516,1.37785382321906,0.75373479071786,27,"ICON",1.03853636308382
0.065052145235889,1.13213381222816,1.58951839104365,0.665386886520058,27,"IEE",1.05764469328291
0.0528800570132968,1.10710794984127,1.41626791713691,0.721497302959916,27,"IFNC",1.02183348248294
0.0234637184335909,1.06379595007198,1.28389963458125,0.784558552954514,27,"IMAT",1.00729443944589
0.0944760358062274,1.09165460627243,1.16158588879748,0.870220503855947,27,"IMOB",1.0108358574213
0.021520317714846,1.07488583095538,1.37682141672596,0.739686647854997,27,"INDX",1.01841641843299
0.0860831494047707,1.11917525658015,1.47354882522555,0.703768199453095,27,"UTIL",1.03703680353521
0.0379419745861063,1.09689657775588,1.29921131042564,0.791235965563659,28,"ICON",1.02798271567586
0.050247590008373,1.1222829609568,1.56938066092406,0.66944208548037,28,"IEE",1.05060946256156
0.0549901480333288,1.10450119547974,1.36646894529472,0.747194663000734,28,"IFNC",1.02101830308046
0.0259752956934611,1.06719230585506,1.27720763070088,0.789396937312592,28,"IMAT",1.00822379198754
0.0817248939817488,1.0839896542578,1.09547148291431,0.910230472569319,28,"IMOB",0.997131525579301
0.0246628501135206,1.06604843316033,1.31865134140653,0.762949792912212,28,"INDX",1.00606476784952
0.0659744773829844,1.09163958226734,1.4665424660421,0.690942156057442,28,"UTIL",1.01329601343693
0.0416754212408381,1.11136699007707,1.2914473352737,0.798998502891327,29,"ICON",1.03186448744668
0.0674716231415797,1.13368201754505,1.49990265884303,0.701129148511462,29,"IEE",1.05162547404469
0.051769307566708,1.08463827323934,1.32025350773336,0.756715556662162,29,"IFNC",0.999056368039622
0.0287673063461891,1.06953318265748,1.27192973867756,0.793691017842931,29,"IMAT",1.00951920891568
0.070447878055192,1.07887209383476,1.10079148981698,0.903511604334006,29,"IMOB",0.994577885001764
0.0269270209533049,1.07431823340307,1.3225614708044,0.766417052185453,29,"INDX",1.01363366378796
0.0741422761065502,1.10478044020101,1.43885056036166,0.717847167444094,29,"UTIL",1.03287479913097
0.0531542953189182,1.12760754283686,1.34607041128852,0.777223850763104,30,"ICON",1.04619802845994
0.0691397638030597,1.12344837938815,1.53508478759773,0.677350658214227,30,"IEE",1.03979069129397
0.0626214058867407,1.09420890749747,1.35936896917363,0.740170563302252,30,"IFNC",1.00616489564884
0.0285353282736322,1.06236017645692,1.32864940523795,0.764154079891003,30,"IMAT",1.01529286375733
0.080296443358628,1.07731197136042,1.12312596370751,0.87497383591636,30,"IMOB",0.982705832682423
0.0385461471731043,1.07145947447162,1.36680353812117,0.734807643405435,30,"INDX",1.00433768684503
0.0651405065653965,1.09418651978139,1.45505154995573,0.696602789850307,30,"UTIL",1.01359296907518
0.0632480964052548,1.12894062677273,1.39429082999681,0.744623173475056,31,"ICON",1.0382212625794
0.0676588535996489,1.12017305218448,1.65970683826923,0.621554524519368,31,"IEE",1.03159829470198
0.0580735675603397,1.08500130941958,1.43216485220479,0.694027846581423,31,"IFNC",0.993962288325289
0.0331445326482609,1.07503298945124,1.47001030157612,0.687485781891777,31,"IMAT",1.01061118156803
0.0968111333978487,1.0880680573266,1.21575539568567,0.817283585898628,31,"IMOB",0.993616929361589
0.0496594968895396,1.08480750214832,1.47683184386368,0.685977671977846,31,"INDX",1.01307367015635
0.0598762794335875,1.09554896546467,1.54374711863399,0.65708466140641,31,"UTIL",1.01437255274474
0.0732028558728402,1.13260976940979,1.42503322506034,0.730213784235137,32,"ICON",1.04057890393212
0.0795678470688355,1.12291853797284,1.65369191178822,0.623406827947691,32,"IEE",1.03092282913065
0.0538470428923246,1.0755493832514,1.50697322304026,0.651322516717556,32,"IFNC",0.981525592256552
0.0288581750411833,1.0774913501723,1.5168198660596,0.66310091329799,32,"IMAT",1.00580463849266
0.110516905136916,1.09982527961112,1.24012190678138,0.805449965247468,32,"IMOB",0.998856146719687
0.0550812779417846,1.09211537759907,1.50355441152654,0.673434764517218,32,"INDX",1.0125458110652
0.0646754414002918,1.09901951385712,1.53357652515801,0.662372109131293,32,"UTIL",1.01579831748315
0.0726537939769855,1.12156303941862,1.38908894035085,0.740350613904861,33,"ICON",1.02841284975721
0.0699025800230548,1.11842434337351,1.71464384566311,0.603538536619101,33,"IEE",1.03485363743446
0.0657289715372712,1.08594612928979,1.49440515351761,0.656388526258187,33,"IFNC",0.980910396350067
0.0350938999459848,1.08769659642654,1.54378650472661,0.658502580989118,33,"IMAT",1.01658739785864
0.110118372564355,1.10856771891213,1.2567772928994,0.802882685545658,33,"IMOB",1.00904472805587
0.0725739547481158,1.09731175383232,1.45636069382907,0.695052989561228,33,"INDX",1.01224785412536
0.0556064273715575,1.10071428683701,1.5880976191519,0.643696333117418,33,"UTIL",1.02225261408058
0.0554332070339682,1.10689292321598,1.28324086248554,0.823517833801414,34,"ICON",1.05677173531955
0.0696711672181323,1.1246982310698,1.65216727412155,0.652529248069161,34,"IEE",1.07808746906701
0.0565852800628648,1.07950196713773,1.41197878702039,0.718246361281669,34,"IFNC",1.0141486259843
0.0311474604757548,1.08029504475758,1.44109625187089,0.734869279862128,34,"IMAT",1.05901736482437
0.0760365447596807,1.1016142866107,1.18951470307548,0.867687785104408,34,"IMOB",1.03212737806069
0.0592024467617966,1.08472619626996,1.37799276185314,0.768978739346644,34,"INDX",1.05964713683862
0.0458296258907722,1.09288967670828,1.51303261848065,0.687728517627525,34,"UTIL",1.04055567982979
0.0445167625658922,1.09365182128818,1.1801078721849,0.879678621188318,35,"ICON",1.03811566585709
0.0605214078804585,1.10986357865559,1.59325604661381,0.666694889723702,35,"IEE",1.06221566429882
0.0603428503034537,1.07584464919068,1.32580063269118,0.763497195921451,35,"IFNC",1.0122450654106
0.0354968008374801,1.07571259835006,1.31295497654878,0.798067499075524,35,"IMAT",1.04782669453305
0.0666103963919667,1.09890887564998,1.09716013046361,0.934088924282624,35,"IMOB",1.02484512603053
0.0465928108443315,1.06551864688435,1.23873801226279,0.830115188133378,35,"INDX",1.0282952380975
0.0386249324661998,1.09010602582863,1.48833998704805,0.696757445254887,35,"UTIL",1.03701196704629
0.0482082635733178,1.09125615211802,1.13177876986819,0.919049108974361,36,"ICON",1.04016027000345
0.0393114363967714,1.09589316754357,1.55323296692051,0.685601138554801,36,"IEE",1.06489829056155
0.0489778076397431,1.08029804458641,1.30998499587744,0.778744173204559,36,"IFNC",1.02014318252496
0.0490073721420222,1.08807484959609,1.22012059083184,0.862953524295723,36,"IMAT",1.05290736392412
0.081678982274435,1.10817158688385,1.05167826012429,0.973335964917673,36,"IMOB",1.02363627410102
0.0487227337965845,1.07456034607195,1.18088936343077,0.87765105690147,36,"INDX",1.03640879789872
0.0275993031658318,1.07433741400632,1.48390260750196,0.698448711953093,36,"UTIL",1.03642986487358
0.049437594664393,1.10200315908729,1.13583300062212,0.923417481766025,37,"ICON",1.04884804914123
0.0351599880374167,1.09175429307672,1.51704188294587,0.699252420316104,37,"IEE",1.0607952083708
0.0481774541346628,1.08494378495656,1.30475573207442,0.788976282066732,37,"IFNC",1.02942132649733
0.0472705373144287,1.08127534379081,1.1673792407072,0.895676225760268,37,"IMAT",1.04559383234752
0.0733116123577683,1.10421022141551,1.04913855840227,0.971743847612618,37,"IMOB",1.01949393942057
0.04859132415437,1.07889691961922,1.15783815795841,0.894969376707837,37,"INDX",1.03622969455659
0.0367199521740956,1.07715408160837,1.43150534796104,0.721284327367499,37,"UTIL",1.03252237202705
0.0446137526213254,1.09105521843837,1.09573100360105,0.940793706117872,38,"ICON",1.03085683178609
0.0297952267345293,1.08994746831921,1.4985600448033,0.7078717325588,38,"IEE",1.0607882952583
0.0361763502008285,1.08688704888255,1.30014838840104,0.799953712176417,38,"IFNC",1.0400585296816
0.0510680563619657,1.08324184704176,1.13450523098006,0.917729177323901,38,"IMAT",1.04116855229699
0.0778976175504336,1.10869136261118,1.06218758936364,0.965036179298062,38,"IMOB",1.02504945293731
0.0614016885070853,1.09123866365451,1.14460012295484,0.912445395937248,38,"INDX",1.04438511237935
0.0364640070740262,1.07954120545094,1.41874074894068,0.728690688974309,38,"UTIL",1.03382317382151
0.0345035058718064,1.07367846225968,1.11739499382612,0.910061620326936,39,"ICON",1.01689829862661
0.0183734738026,1.0762882992628,1.48206960512527,0.70713334095185,39,"IEE",1.04802083139542
0.0252470739185452,1.07566227696462,1.31281134552814,0.786505102314794,39,"IFNC",1.03253282163463
0.0495549197522807,1.0918526711552,1.11210585715642,0.936749416441377,39,"IMAT",1.04176451271231
0.0829200437394724,1.10558203087743,1.04690892866205,0.973152973662587,39,"IMOB",1.01880253708139
0.0628747191948096,1.09229206975367,1.14280820421417,0.914030740537348,39,"INDX",1.04456182919003
0.0177764621643259,1.05348875413213,1.41080091363471,0.718130227493496,39,"UTIL",1.01313878105653
0.0292878607772259,1.08150606229355,1.18801848014098,0.876661072181837,40,"ICON",1.04148955457223
0.0160546462400932,1.07391581032192,1.5129508067127,0.693713815231907,40,"IEE",1.04955487638286
0.0249080414627071,1.07612914731517,1.35466018280559,0.765679151594803,40,"IFNC",1.03723505946984
0.047304080918966,1.07919783432515,1.11308246023767,0.9261068565804,40,"IMAT",1.03083329836549
0.0839193042303359,1.1199381945357,1.10390482166881,0.939055608695599,40,"IMOB",1.03662801425421
0.0510926179962732,1.10414197269795,1.19677219416351,0.891951411999794,40,"INDX",1.06746264842623
0.0219579151564591,1.07458224461493,1.43146628790318,0.721942830051882,40,"UTIL",1.03343682301268
0.034722778762217,1.08017964817629,1.1623657467983,0.893585312498225,41,"ICON",1.03867295909
0.0190501888662097,1.08065279240615,1.57843381272307,0.676404477351658,41,"IEE",1.06765969812913
0.0280715845146457,1.08518494186693,1.37873100618369,0.760843222211368,41,"IFNC",1.04899814130752
0.0399685803808608,1.0716907201879,1.10248463821512,0.927357185643791,41,"IMAT",1.02239705131069
0.10388528778041,1.12659791408557,1.07866345869347,0.960672950512231,41,"IMOB",1.03624280747279
0.0508986494356032,1.10526104133347,1.17215599151204,0.908017357713871,41,"INDX",1.06433798624125
0.0209305630865123,1.06768382680283,1.44772501875185,0.709444686168208,41,"UTIL",1.02708082158627
0.030445734145573,1.07079748933215,1.12291507655836,0.912719668580304,42,"ICON",1.02490667652017
0.0255000374952266,1.09570147060311,1.58962313655134,0.680148782343826,42,"IEE",1.08118024071097
0.027782220964211,1.08323068833046,1.34590404993782,0.775933906271928,42,"IFNC",1.04433258693546
0.0563496646243619,1.08479065523532,1.09168865498513,0.939017590728916,42,"IMAT",1.02511485063023
0.0841141464151732,1.12073393074641,1.07949009555929,0.960605957103704,42,"IMOB",1.0369646164287
0.0472811328849717,1.10797128485737,1.14804425868611,0.925576493354566,42,"INDX",1.06260277917053
0.0244973684784716,1.08255455506403,1.47740708030074,0.706394314443343,42,"UTIL",1.04363196164279
0.0244826633760474,1.06887929001082,1.11455340993304,0.91790401526864,43,"ICON",1.02305305020889
0.0191011879133743,1.08749534682474,1.53600315692265,0.700979251981379,43,"IEE",1.07670634398067
0.020266382496355,1.07652845986468,1.33800423599576,0.777843332217685,43,"IFNC",1.04075767344832
0.0428647514350429,1.06759599108396,1.04527397629546,0.961715738759226,43,"IMAT",1.00525643431878
0.0815044432284762,1.11791305077035,1.04370874903576,0.985741971768382,43,"IMOB",1.02882752022642
0.0402191960767945,1.08623896169143,1.1106503237786,0.932280803346194,43,"INDX",1.03543797608902
0.025289867892827,1.07775234987935,1.41648462164162,0.736398482998166,43,"UTIL",1.04309712656712
0.0142180976188063,1.04601369712239,1.05134569860182,0.947944993666154,44,"ICON",0.996617891602037
0.0166189424663197,1.08703381185834,1.49007540315079,0.723057280859084,44,"IEE",1.07740986927721
0.0160687427257317,1.07661698291712,1.27464428063022,0.818470038292643,44,"IFNC",1.04325815317691
0.0549832363641201,1.07015981173622,1.01570177910114,0.983773062232083,44,"IMAT",0.999220049540907
0.0771127458858456,1.10369798026109,0.978120336167939,1.03402109456302,44,"IMOB",1.01139706061872
0.0390238759485077,1.08280426051386,1.06873909004439,0.965099622380586,44,"INDX",1.03143969222521
0.0152924116975062,1.07140086067412,1.37958337278844,0.751773178701771,44,"UTIL",1.03713377744527
0.013809361819588,1.0551216279113,1.05040802595998,0.961999417099887,45,"ICON",1.01049190869054
0.0149429652400305,1.08730482733373,1.43078844512267,0.747936774101454,45,"IEE",1.07013929406668
0.013635470375227,1.06409361937,1.25468709649376,0.820458556775122,45,"IFNC",1.02941876439364
0.0531647480143603,1.0666410830937,0.970002944252776,1.02017961241594,45,"IMAT",0.989577227710116
0.0876249094508783,1.10052758594724,0.969363445583269,1.03726951739013,45,"IMOB",1.00549115337579
0.0339790926310329,1.07468779124359,1.02769732421555,0.990726311521761,45,"INDX",1.01816677938086
0.0193478612114927,1.07083441141467,1.34058429441029,0.765381972669012,45,"UTIL",1.02605905178484
0.0157138917503793,1.06024377707864,1.11570168712905,0.891194239056388,46,"ICON",0.994306916074907
0.0198692323642106,1.09623772595987,1.50746670767725,0.701007536798656,46,"IEE",1.05674552355481
0.0156817141650457,1.07160437301868,1.34199393913779,0.762404001185897,46,"IFNC",1.02314154876587
0.0611649367902521,1.06338103691524,1.00731247907864,0.96417865324464,46,"IMAT",0.971229189474561
0.0950435852030527,1.09575292360031,1.01221671051329,0.970694132536152,46,"IMOB",0.982552821750291
0.0365446096633299,1.07940836633689,1.07246577736042,0.927520607917188,46,"INDX",0.994734109787715
0.0278417515934687,1.07073457725945,1.40701755049061,0.718159330201652,46,"UTIL",1.01046278164231
0.0226120689953757,1.07413257933114,1.19253311454289,0.844233300003534,47,"ICON",1.00677616665403
0.0172568311910926,1.09834973624179,1.4344928516668,0.781778781423326,47,"IEE",1.12145607353654
0.0163652327122347,1.07073376031657,1.41523412437139,0.720687884418661,47,"IFNC",1.01994208705032
0.0479924143531471,1.05960138255944,1.00580311894836,0.962009973102532,47,"IMAT",0.967592631405955
0.0886879898803559,1.10002106305899,1.08556757886589,0.912984873179334,47,"IMOB",0.991106778318472
0.0378476357181948,1.08468559078121,1.14239980144632,0.887069313951895,47,"INDX",1.01338780812777
0.0245232315318522,1.06784240047561,1.32992040719401,0.809528810543979,47,"UTIL",1.07660888535393
0.0267031732254402,1.07674788914242,1.26149427052097,0.792107194176975,48,"ICON",0.999238687092699
0.018693696108021,1.09842954079896,1.48808507798424,0.750252345778355,48,"IEE",1.11643932047544
0.012119858911645,1.05374955270971,1.42261275955434,0.701956779840547,48,"IFNC",0.998612671656839
0.0388592445513644,1.05207016504692,1.0485247182997,0.920785242257534,48,"IMAT",0.9654660867526
0.0609340147668371,1.08324732989389,1.18121866782633,0.837593085358526,48,"IMOB",0.989380588467745
0.0355663479952547,1.08555941026716,1.21522505922434,0.835981845720337,48,"INDX",1.01590608797597
0.0302575785084879,1.07819173408536,1.38011557436551,0.781110717966311,48,"UTIL",1.07802306716913
0.0223231529940468,1.06851199578317,1.28895944517964,0.773402791973681,49,"ICON",0.996884833642781
0.0113499687227376,1.08127936022056,1.44932663885297,0.772434376480794,49,"IEE",1.1195097185994
0.013142797723523,1.05474338768038,1.38003589329174,0.726448067584651,49,"IFNC",1.00252440787924
0.0345459572803173,1.05702314374227,1.08481161987562,0.900098926275983,49,"IMAT",0.976437774261758
0.0576236235898746,1.08668909626576,1.24314634670712,0.803636018102156,49,"IMOB",0.99903717998595
0.0363802167185492,1.08675933260016,1.24618213120648,0.821203645503928,49,"INDX",1.02336930910862
0.0197446510913019,1.07541797846491,1.4010444489264,0.779199851216782,49,"UTIL",1.09169362615155
0.018490747076995,1.0732761392479,1.36598438334706,0.736511675872366,50,"ICON",1.00606344739443
0.00796852572756428,1.05989939838596,1.41629173037651,0.773154953072477,50,"IEE",1.09501296633619
0.0138141476206821,1.05260471877125,1.39095362487649,0.713021527703849,50,"IFNC",0.991779878574639
0.0133449160737216,1.03276448296914,1.11316095209421,0.867594489773088,50,"IMAT",0.965772308267498
0.0348078623318318,1.06970512765098,1.29806790976536,0.761630159408456,50,"IMOB",0.988647669037596
0.0184362352756283,1.06854538342497,1.29598191631622,0.781850398401657,50,"INDX",1.01326397759318
0.0140905470032777,1.05755912134887,1.39880394024374,0.766497002811166,50,"UTIL",1.07217902771727
0.0274061698169213,1.08001087716236,1.33730751385752,0.75259185224164,51,"ICON",1.00644673887069
0.00814994630323612,1.05783163270365,1.34539971315609,0.80765438984375,51,"IEE",1.08661798442504
0.0178408781096387,1.05975493346097,1.40152069621424,0.713125288590108,51,"IFNC",0.999459850952786
0.0159292933628629,1.03604703804544,1.14796250833406,0.852328710092685,51,"IMAT",0.978441403963134
0.0248245617810466,1.0707747217997,1.36438051283181,0.731319367917788,51,"IMOB",0.997797894243511
0.0163182365154453,1.07522308833703,1.3135415047362,0.778284704311739,51,"INDX",1.02230926161481
0.0186632276122652,1.068684944206,1.36336087134398,0.794354897546883,51,"UTIL",1.08299238527587
0.0205146254385685,1.07172300620315,1.36282428761765,0.735242686194631,52,"ICON",1.00200659003928
0.011506224837842,1.06196878103883,1.29480673340719,0.830850744003071,52,"IEE",1.07579113779155
0.0146561101061699,1.04916434372557,1.38322760524895,0.715947095146151,52,"IFNC",0.990317785903956
0.0158818267380115,1.03949311580372,1.14113385535449,0.861792458113041,52,"IMAT",0.983420550241959
0.0183989094291366,1.0581463237418,1.406737227658,0.707080163147633,52,"IMOB",0.994675988438268
0.017772772555355,1.07881239538122,1.32721320366871,0.769934187667969,52,"INDX",1.02186681982887
0.0156354249129747,1.06332325049917,1.33928061435857,0.800325983772453,52,"UTIL",1.0718610752339
0.018594036138515,1.07666264620878,1.44243514407183,0.70871113540615,53,"ICON",1.02226984870488
0.00729326788578567,1.0479314869562,1.2274599911307,0.866346465232385,53,"IEE",1.06340562453026
0.0121963665509758,1.05793933020901,1.40943657490346,0.711714987949926,53,"IFNC",1.0031171349236
0.013552577895431,1.0425705787677,1.15060017347855,0.857320625759494,53,"IMAT",0.986433260725612
0.00980525106563943,1.06421265386571,1.50342949290721,0.673525077952826,53,"IMOB",1.01259746640691
0.0120846631808974,1.05224226601159,1.35386450770844,0.738422256024881,53,"INDX",0.999723684134084
0.00985994073931042,1.04724394514496,1.31352169716361,0.813998690248074,53,"UTIL",1.0692049411036
0.0207994622614257,1.08509595341782,1.44479427001702,0.714141583831049,54,"ICON",1.03178766829998
0.00945843968559094,1.05079543035156,1.16636257732186,0.902558379151105,54,"IEE",1.05271031729013
0.0111047026215248,1.04304469139187,1.40438904845647,0.7021739168688,54,"IFNC",0.98612535896233
0.012061093050644,1.04985227639172,1.13602278764476,0.872263996026528,54,"IMAT",0.99091177632821
0.00786273107289469,1.05765298778312,1.54685885446766,0.652314397099165,54,"IMOB",1.00903830104958
0.014889408340232,1.0579489301451,1.33579085850957,0.755300890575475,54,"INDX",1.00892402505486
0.0129397938338996,1.04392473249121,1.24476619217599,0.843834602926023,54,"UTIL",1.05037678551057
0.0193452689189852,1.07796403691202,1.49259073523325,0.6885279895297,55,"ICON",1.02769049812081
0.00851948662873936,1.05143069085275,1.16742968078748,0.899869760192495,55,"IEE",1.05053466689183
0.0141039904789687,1.05659005029306,1.43001703261588,0.699017982767726,55,"IFNC",0.999607621462641
0.0245958329090966,1.07061798559108,1.18297782671301,0.857573293075842,55,"IMAT",1.01449019048998
0.00790259794257656,1.06487594044864,1.66689185620526,0.616887097234827,55,"IMOB",1.02828407857884
0.0130642243776281,1.0598272129338,1.41375686001465,0.722944653106404,55,"INDX",1.02206796274009
0.00670898169160906,1.0366733022426,1.24402677891341,0.835746522921695,55,"UTIL",1.03969105489836
0.033549535347693,1.10283884120021,1.58302796428562,0.656806429813771,56,"ICON",1.0397429455178
0.00694234728483372,1.03493184085668,1.09888951495867,0.938529482346221,56,"IEE",1.03134020762985
0.0209126041797583,1.06496528630651,1.4786326703994,0.677244813503514,56,"IFNC",1.00139630710485
0.0284337201321806,1.07289865136922,1.166124415171,0.870480416821377,56,"IMAT",1.01508846698363
0.0100785372443531,1.07023378970549,1.78356927619738,0.571227891904084,56,"IMOB",1.01882451770712
0.0190848893657262,1.07362083634998,1.47749446853576,0.694696376694517,56,"INDX",1.02641005387799
0.00562582183415197,1.02319449938809,1.1425075690287,0.8931422032489,56,"UTIL",1.02042172743083
0.0334051131872225,1.10422888312453,1.62876826448513,0.642852120212193,57,"ICON",1.0470571321586
0.0111193982945171,1.03381632071133,1.0531979345819,0.967491475676095,57,"IEE",1.01896002390765
0.0228007938245428,1.06737151542919,1.49661771886698,0.672139022005569,57,"IFNC",1.00593516987546
0.0306407162354725,1.07860296040521,1.17815698028826,0.862518864568883,57,"IMAT",1.01618262092213
0.0153082543977865,1.07909136591798,1.81498893168633,0.575062067716406,57,"IMOB",1.04373128793793
0.0160873905328686,1.06677201824725,1.55038455732139,0.66047252149057,57,"INDX",1.0239863978541
0.0104060110422572,1.02826756787168,1.09036964728735,0.930565226990031,57,"UTIL",1.01466007833099
0.0425781370596636,1.11095188181122,1.6436552744594,0.631074667211605,58,"ICON",1.03726920534007
0.0118222678307552,1.0392596267061,1.05137831046976,0.972918673528206,58,"IEE",1.02290559119856
0.0211081762693319,1.06937373201003,1.49101413611511,0.67407422651371,58,"IFNC",1.0050542005228
0.0308331399085668,1.07745021124399,1.19339378184197,0.849800951344139,58,"IMAT",1.01414717113749
0.0207392123134686,1.08900172967023,1.82628404349935,0.574685089384283,58,"IMOB",1.04953820877951
0.0178811837100233,1.06991139272649,1.59238356595233,0.637441354640969,58,"INDX",1.01505113738867
0.0110631981566044,1.03310847894765,1.08103191239417,0.939633842539741,58,"UTIL",1.01577416975102
0.0357626370440113,1.10261375289118,1.59560160061253,0.649158201565023,59,"ICON",1.0357978654679
0.0200377736355688,1.04353172858834,1.10973658229067,0.897965920452649,59,"IEE",0.996505631576621
0.024029871202362,1.07219808232732,1.47297208659661,0.683056967223786,59,"IFNC",1.00612384627597
0.0364950022100764,1.08593582079064,1.27238352258639,0.802845573226525,59,"IMAT",1.02152747855485
0.0149645097828548,1.0886162029166,1.82051592130485,0.582270500881138,59,"IMOB",1.06003271736026
0.0207217062267655,1.06294627353373,1.60112786507673,0.626699088010709,59,"INDX",1.00342537283212
0.0144381836529263,1.04565355522757,1.17130734545497,0.843137386608084,59,"UTIL",0.987573014161752
0.034343094118394,1.10507369217323,1.62316816469415,0.643394133351266,60,"ICON",1.04433687460676
0.0165167195490997,1.03998469294285,1.12071867719544,0.884617691951127,60,"IEE",0.991407569547152
0.0279671857568114,1.07630512001629,1.50080332859896,0.674415522856468,60,"IFNC",1.01216506156179
0.0355983471469971,1.07726344658054,1.27277489183427,0.791488177270119,60,"IMAT",1.00738627921308
0.0167656268377856,1.09107853539523,1.82204909738628,0.583576578999506,60,"IMOB",1.06330517902183
0.0176857327256115,1.06167494370668,1.61639431466095,0.618886395733962,60,"INDX",1.00036445148539
0.0104104976054596,1.03920439539448,1.18354299826867,0.834725296059592,60,"UTIL",0.987933279629071
0.0291145622161911,1.09327063720807,1.61723312008685,0.637605213774941,61,"ICON",1.03115626925689
0.0189538545782019,1.04271672058692,1.10876134668479,0.87647539466515,61,"IEE",0.971802038925018
0.0316176210987314,1.07503261612435,1.553665458909,0.645268548493212,61,"IFNC",1.00253145551425
0.0301977085278445,1.07428614035405,1.33006324833751,0.756446260101693,61,"IMAT",1.00612136990362
0.0178667794893352,1.09022141504017,1.77401803024395,0.602517239169157,61,"IMOB",1.06887644581889
0.0171342088467653,1.06386263343044,1.71319707830768,0.589679908971245,61,"INDX",1.01023789718628
0.0104931322950876,1.03734846376239,1.1978522137452,0.824216666202836,61,"UTIL",0.987289758216753
0.0243036260712767,1.08932705790997,1.56274382970386,0.660090103552187,62,"ICON",1.03155173637476
0.0211164009071683,1.05953218240063,1.07623886997613,0.917983747339058,62,"IEE",0.987969790892645
0.0216637264091606,1.06842303030072,1.55511172419363,0.64393486596943,62,"IFNC",1.00139065968612
0.0400691597841507,1.07467629806698,1.316288124322,0.759074131724839,62,"IMAT",0.999160265069439
0.0215796488043889,1.08919772988135,1.71409266563801,0.625846030033214,62,"IMOB",1.0727580898986
0.0210025265353244,1.06657278502341,1.6789992925574,0.603491919899929,62,"INDX",1.01326250657609
0.0192732520602618,1.05987884754059,1.19113468771546,0.846556474097785,62,"UTIL",1.00836278140797
0.0197005767773697,1.08340046208533,1.50613975985755,0.682570782205781,63,"ICON",1.0280469939972
0.0292042826687616,1.07191210184209,1.11241431330898,0.901184337193191,63,"IEE",1.00249035562357
0.0215381989773074,1.06480030342611,1.48693417762772,0.668058128879145,63,"IFNC",0.993358464472426
0.0536105421020225,1.08434719446196,1.2937908178822,0.77623781168466,63,"IMAT",1.00428935325059
0.0214104901517797,1.08500863415974,1.64037441248509,0.646242062049203,63,"IMOB",1.06007894285712
0.0198401423165651,1.06205802693737,1.6154805031029,0.625799018343751,63,"INDX",1.01096611299527
0.0215313893752505,1.05326160391746,1.19215935250787,0.833518679358475,63,"UTIL",0.993687089087213
0.030235515005653,1.08719764052728,1.44696923797727,0.708052414727356,64,"ICON",1.02453006298601
0.0205206125285921,1.05798745740683,1.01089886298353,0.989100314073168,64,"IEE",0.999880382873219
0.0266752279786274,1.07386844375717,1.51068496100206,0.662601052827143,64,"IFNC",1.0009814456501
0.0528290091925559,1.08852177780551,1.25047402075681,0.803017421471811,64,"IMAT",1.00415242376562
0.024225674279922,1.0899894926305,1.54991780726904,0.681917245505114,64,"IMOB",1.05691568189223
0.0254720668714308,1.05210854056331,1.53319752508877,0.652567107833804,64,"INDX",1.00051427468513
0.0180056687341871,1.03920790593485,1.07551762398259,0.912664579152668,64,"UTIL",0.981586839663345
0.0272283200108784,1.08126591978392,1.40424846177355,0.723087747238967,65,"ICON",1.01539485678762
0.0242874316616779,1.06864170403776,0.995131254529246,1.00696870484122,65,"IEE",1.00206603052033
0.0323233494950737,1.07100501038041,1.43200554266003,0.693396852303571,65,"IFNC",0.992948135761734
0.0586958304598939,1.09285843533986,1.27188748806129,0.792108013954958,65,"IMAT",1.00747227214239
0.0165297960498927,1.07309546548799,1.49562618700041,0.691654474449405,65,"IMOB",1.03445654434253
0.0195565883703343,1.06634980507943,1.55158876450855,0.657363715738428,65,"INDX",1.01995815553534
0.0213377662806735,1.05744332230389,1.06319226332467,0.936003150529516,65,"UTIL",0.995151308090497
0.0233928417136418,1.0768398135777,1.4415616045021,0.698834504188067,66,"ICON",1.00741298913878
0.0246871272649092,1.05298305721906,0.95379032120049,1.02391735188461,66,"IEE",0.976602459936773
0.0340251231044967,1.0972449300277,1.49315233398063,0.684772155218578,66,"IFNC",1.02246914180956
0.0453482010893527,1.08785292414125,1.29895272580077,0.772757635178137,66,"IMAT",1.003775636598
0.0148383012669744,1.06952278291025,1.48591967838945,0.692791973163413,66,"IMOB",1.02943322595377
0.0206533440064177,1.05959976273801,1.59533059937663,0.624517175500164,66,"INDX",0.996311359911677
0.0201644023310994,1.05517808337361,1.05951236427238,0.936705749467246,66,"UTIL",0.992451323245576
0.0388879516871501,1.09335591339649,1.4100513230809,0.721629961101067,67,"ICON",1.01753528142538
0.0308874352748245,1.05796865206498,0.93176987394562,1.04497930488335,67,"IEE",0.973680235186943
0.0387967480628191,1.10310098384567,1.48361062025294,0.695641084552444,67,"IFNC",1.03206050092628
0.0374713654728072,1.0776564208743,1.27204918737549,0.779883643692974,67,"IMAT",0.99205035520708
0.0145835456677862,1.06479362450929,1.47764565643374,0.683739134898472,67,"IMOB",1.01032416281649
0.0399654847022057,1.0739305491346,1.53165479826887,0.653623180179553,67,"INDX",1.00112508018177
0.027691918744368,1.07021214066128,1.03887641810736,0.965666358492253,67,"UTIL",1.00320800759721
0.0288932430211203,1.08614571689131,1.44257479709653,0.703594759216725,68,"ICON",1.01498806701525
0.0251752480771092,1.04615605891418,0.963722925941081,1.0007776911547,68,"IEE",0.964472404736163
0.0425079031118622,1.09882344480444,1.50269837361928,0.683511217063302,68,"IFNC",1.02711119423156
0.0291763083248388,1.06299273599027,1.32601341328635,0.740617806637436,68,"IMAT",0.982069145719956
0.0141812528119111,1.06100224844736,1.57173374927072,0.64117565054127,68,"IMOB",1.00775740916633
0.0325607936839003,1.06946745980941,1.56850963098464,0.637458401253043,68,"INDX",0.999859641717472
0.0310597990049834,1.07655060027104,1.1065486463604,0.912036318945536,68,"UTIL",1.0092125541607
0.0275677731350688,1.08258950193181,1.43077036030397,0.705442403378686,69,"ICON",1.00932608165582
0.0278685552656448,1.06121724805851,0.966246810719107,1.01053531602887,69,"IEE",0.976426526231916
0.0392095717234776,1.09855747740086,1.50987871365949,0.680114351246072,69,"IFNC",1.02689018180078
0.0204065304067661,1.06271695094012,1.42072999671916,0.69695977477475,69,"IMAT",0.990191658529119
0.00938656881207757,1.05258420400032,1.59482501329794,0.626848358979682,69,"IMOB",0.99971344244556
0.0368040925157948,1.07142543460753,1.59872882918063,0.625572846024601,69,"INDX",1.0001213436921
0.0314637009821178,1.07793284734471,1.09217256663086,0.922786558484191,69,"UTIL",1.00784216403213
0.0233965042193393,1.0813579153477,1.45366303591281,0.695575354315664,70,"ICON",1.01113218126063
0.02935851997589,1.05585847931664,0.960959298021243,1.00921446492381,70,"IEE",0.969814023766071
0.0414182565312609,1.09903719527156,1.51172872899974,0.677804786045253,70,"IFNC",1.02465696771813
0.0164530761093172,1.066626571327,1.49189952380587,0.666681653449071,70,"IMAT",0.99462204131078
0.00812502860607282,1.0501826780156,1.63505690573611,0.611697450758041,70,"IMOB",1.00016014108311
0.0437781725599326,1.07689872610029,1.63759255248528,0.613149749099293,70,"INDX",1.00408946268322
0.0368327041784836,1.08142164740473,1.08007316962102,0.933745748363196,70,"UTIL",1.00851373005479
0.0258673128680151,1.0849642433923,1.44196322583499,0.702767300746797,71,"ICON",1.0133646039962
0.020906132760444,1.04525196257599,0.925464628244848,1.03587480692775,71,"IEE",0.958665493101594
0.0385334202676757,1.08929246231129,1.44281010718052,0.707172989930443,71,"IFNC",1.02031633739671
0.0169007264923614,1.06415667161722,1.47830502436237,0.667858259514918,71,"IMAT",0.98729822060281
0.0105498250140509,1.04952804305863,1.59710337172076,0.631181189456794,71,"IMOB",1.00806160584816
0.0474264794917786,1.08554770465041,1.6425223044459,0.61594391087728,71,"INDX",1.01170161190357
0.037693138002919,1.07123297713646,1.03308800678824,0.958540841873114,71,"UTIL",0.990257047755813
0.0128965501490507,1.06268133604321,1.286030538305,0.774391756499501,72,"ICON",0.995891447470006
0.021214405614041,1.04332766323508,0.812472893653004,1.16630119142378,72,"IEE",0.947588103867021
0.0236225070483379,1.07962358248807,1.26633807875171,0.815146592514122,72,"IFNC",1.03225116986533
0.0208309933114358,1.06694693920825,1.45334259671067,0.68994393196554,72,"IMAT",1.00272490566757
0.00409893307016318,1.03177942446206,1.3575966839317,0.72600982570328,72,"IMOB",0.985628531876601
0.0524288459244763,1.08506216477774,1.53964926212488,0.656699853730262,72,"INDX",1.01108744523332
0.032225811851146,1.07350840610806,0.906578799400293,1.09530309455238,72,"UTIL",0.992978564438718
0.0202592045903675,1.07347063920836,1.22025473851182,0.826144642724362,73,"ICON",1.00810691498056
0.0235670123028408,1.04713341766911,0.808653170876977,1.1808086336467,73,"IEE",0.954864645797313
0.0153033002394707,1.07086540388429,1.18524638023311,0.866550714585471,73,"IFNC",1.02707609775084
0.0192698063491704,1.06805130344311,1.40473373163141,0.712961841982028,73,"IMAT",1.00152154879821
0.00239666045572549,1.01470089478582,1.31581594032294,0.735625744983684,73,"IMOB",0.967948081361469
0.0601458803023992,1.09525272110095,1.48488568729268,0.69303736511787,73,"INDX",1.02908126422256
0.0427908985842738,1.0780658736369,0.895344210774629,1.1100160033458,73,"UTIL",0.99384640246285
0.0207410693181447,1.06963717106956,1.17527964704448,0.856563430293996,74,"ICON",1.00670156602714
0.0235190824239563,1.04412028817211,0.814055544023854,1.17606859036506,74,"IEE",0.957385156138993
0.0187456522935122,1.07318432244117,1.13945856493546,0.906616756188712,74,"IFNC",1.03305222795324
0.0134272610960402,1.06656335072345,1.30221060413215,0.767187700415097,74,"IMAT",0.9990399588403
0.00459249172856684,1.01680493781041,1.29212002021775,0.74782428862023,74,"IMOB",0.966278734931295
0.063997643087241,1.09096454796596,1.4094650423798,0.731498982664807,74,"INDX",1.03102224460243
0.0391073671182993,1.07240073257689,0.862094056611194,1.14538480493544,74,"UTIL",0.987429432867611
0.0102008871204786,1.06045907554781,1.15537006163131,0.868315691349246,75,"ICON",1.00322595382961
0.0195140228912044,1.04022590319077,0.787014040100519,1.22310259667613,75,"IEE",0.962598916067518
0.0166517443058999,1.07137722874972,1.11726183226374,0.921086852468177,75,"IFNC",1.02909518446263
0.0106269561670242,1.05508007657851,1.23861710882897,0.799108623025215,75,"IMAT",0.989789612291789
0.00703924041418205,1.00701386749597,1.21711905884726,0.77915597707729,75,"IMOB",0.948325589515531
0.0637129061512396,1.08782418918906,1.3767462557551,0.739799997184482,75,"INDX",1.01851687613137
0.0425725775846052,1.06590905911754,0.825616682601306,1.19666623333167,75,"UTIL",0.987987605744295
0.0115618638183636,1.05772243772806,1.12666205524569,0.883107216503665,76,"ICON",0.994963391548317
0.036511803822144,1.057219659551,0.791901002852429,1.22597747146152,76,"IEE",0.970852789124862
0.0144677323189853,1.05730883481035,1.08215882099089,0.932093472146863,76,"IFNC",1.00867317287176
0.0093977233234091,1.05766932194677,1.25440521950122,0.793026403252276,76,"IMAT",0.994776459441937
0.00700276596426063,1.0043679570687,1.23312111185519,0.768772210502146,76,"IMOB",0.947989242977778
0.0504526770595149,1.08424218472901,1.43325096660685,0.711898516558551,76,"INDX",1.02032923698353
0.0557627478549829,1.08219919122856,0.830985961617487,1.20978171303533,76,"UTIL",1.00531162015391
0.015617290213489,1.05675868699634,1.11951468725727,0.887842218747184,77,"ICON",0.993952403854551
0.0364373791687888,1.04428472493526,0.790674493271417,1.2139423009354,77,"IEE",0.959833213652833
0.0139999273432288,1.06096760103971,1.07898485541232,0.938004707748559,77,"IFNC",1.01209287396616
0.010102882092759,1.06373015835618,1.23151150283176,0.811469778115984,77,"IMAT",0.999334365950169
0.00202735669117212,1.02293314790532,1.23791016831488,0.781704841272608,77,"IMOB",0.967680371632335
0.0629543006281227,1.09253651922864,1.4461067041193,0.709690292631365,77,"INDX",1.0262878900226
0.0539731676832064,1.07308617744466,0.816951978329924,1.21335350200132,77,"UTIL",0.991251543873516
0.0202666253793416,1.04403797757379,1.09407460235078,0.889424022230811,78,"ICON",0.973096233443404
0.0280439217976115,1.04557102451008,0.810721492101493,1.19859514653113,78,"IEE",0.971726845621323
0.0181676243215204,1.05395946589114,1.04422992090429,0.954397676813061,78,"IFNC",0.996610610569745
0.00873506643490919,1.05475563309042,1.22227219679947,0.811537632158654,78,"IMAT",0.991919884443996
0.00321515892435297,1.03261141020944,1.22527298379604,0.794591910796805,78,"IMOB",0.973592001442195
0.0580102191951624,1.09264480294954,1.45638918248236,0.702684409976579,78,"INDX",1.02338197338889
0.0541439937885142,1.07936413234382,0.81332743675454,1.22463951609579,78,"UTIL",0.996032918574507
0.0208893152091804,1.03398033056359,1.08366829190844,0.887957105619495,79,"ICON",0.962250959934637
0.0284326762108558,1.05779450099023,0.808740533335994,1.21818878457895,79,"IEE",0.985198647344305
0.0233620424772755,1.05630794483403,1.03227950047757,0.963003903628162,79,"IFNC",0.994089188595226
0.0122272033200446,1.05549566804416,1.18888569545572,0.833016597378839,79,"IMAT",0.990361516700899
0.00904084130515436,1.04863388266911,1.20434386805206,0.815752366275292,79,"IMOB",0.982446360172603
0.0560903420674719,1.09789571253025,1.46864458643722,0.701822593758611,79,"INDX",1.03072795296291
0.0460466565345527,1.08114760405592,0.800476030395605,1.24016308078016,79,"UTIL",0.992720819946089
0.0184736923930373,1.04114981863265,1.0945920768311,0.887070791119799,80,"ICON",0.970980659548029
0.0310115854866039,1.06623238608642,0.820994300396507,1.21024248239516,80,"IEE",0.993602180144146
0.0254971939427256,1.06407110533254,1.02743673210645,0.969344836162572,80,"IFNC",0.995940490751133
0.0174144824980037,1.07605472568892,1.20596976977394,0.839023924654171,80,"IMAT",1.01183748925002
0.0131286278765318,1.06504918088328,1.20438883045383,0.831447015283794,80,"IMOB",1.00138549832198
0.0557252483610209,1.10087266793804,1.49201895020851,0.694318960321606,80,"INDX",1.03593704628891
0.0459108050173904,1.078813288031,0.794573833522327,1.24131696519434,80,"UTIL",0.986317979650769
0.022849734460371,1.04693697421592,1.10249365182051,0.881898554259677,81,"ICON",0.97228755762098
0.0173071010668609,1.05327723012631,0.828767666906688,1.19281909003145,81,"IEE",0.988569894287126
0.0250600752689283,1.07157015850917,1.03887692862634,0.968892217501988,81,"IFNC",1.00655977108843
0.0324084442006576,1.08962337201323,1.16621210169282,0.867359134843422,81,"IMAT",1.01152471956821
0.0115745941159835,1.0718043177899,1.23209958843837,0.821667960291241,81,"IMOB",1.01237675570783
0.0494828021763454,1.10518346790807,1.49760201150795,0.695236734876106,81,"INDX",1.04118793262467
0.0279492149140084,1.06822428743821,0.804915475445386,1.21728391822627,81,"UTIL",0.979810663791118
